1,Test@gmail.com,Test 1,1xNz10Q47Eb6CnQKT9x1W4fnrCp1,https://upload.wikimedia.org/wikipedia/commons/thumb/6/6d/Good_Food_Display_-_NCI_Visuals_Online.jpg/600px-Good_Food_Display_-_NCI_Visuals_Online.jpg
2,Test@gmail.com,Test 2,1xNz10Q47Eb6CnQKT9x1W4fnrCp1,https://upload.wikimedia.org/wikipedia/commons/thumb/6/6d/Good_Food_Display_-_NCI_Visuals_Online.jpg/600px-Good_Food_Display_-_NCI_Visuals_Online.jpg
3,Test@gmail.com,Test 3,1xNz10Q47Eb6CnQKT9x1W4fnrCp1,https://upload.wikimedia.org/wikipedia/commons/thumb/6/6d/Good_Food_Display_-_NCI_Visuals_Online.jpg/600px-Good_Food_Display_-_NCI_Visuals_Online.jpg
4,Test@gmail.com,Test 4,1xNz10Q47Eb6CnQKT9x1W4fnrCp1,https://upload.wikimedia.org/wikipedia/commons/thumb/6/6d/Good_Food_Display_-_NCI_Visuals_Online.jpg/600px-Good_Food_Display_-_NCI_Visuals_Online.jpg
5,Test@gmail.com,Test 5,1xNz10Q47Eb6CnQKT9x1W4fnrCp1,https://upload.wikimedia.org/wikipedia/commons/thumb/6/6d/Good_Food_Display_-_NCI_Visuals_Online.jpg/600px-Good_Food_Display_-_NCI_Visuals_Online.jpg
6,Test@gmail.com,Test 6,1xNz10Q47Eb6CnQKT9x1W4fnrCp1,https://upload.wikimedia.org/wikipedia/commons/thumb/6/6d/Good_Food_Display_-_NCI_Visuals_Online.jpg/600px-Good_Food_Display_-_NCI_Visuals_Online.jpg
7,Test@gmail.com,Test 7,1xNz10Q47Eb6CnQKT9x1W4fnrCp1,https://upload.wikimedia.org/wikipedia/commons/thumb/6/6d/Good_Food_Display_-_NCI_Visuals_Online.jpg/600px-Good_Food_Display_-_NCI_Visuals_Online.jpg
8,Test@gmail.com,Test 8,1xNz10Q47Eb6CnQKT9x1W4fnrCp1,https://upload.wikimedia.org/wikipedia/commons/thumb/6/6d/Good_Food_Display_-_NCI_Visuals_Online.jpg/600px-Good_Food_Display_-_NCI_Visuals_Online.jpg
9,Test@gmail.com,Test 9,1xNz10Q47Eb6CnQKT9x1W4fnrCp1,https://upload.wikimedia.org/wikipedia/commons/thumb/6/6d/Good_Food_Display_-_NCI_Visuals_Online.jpg/600px-Good_Food_Display_-_NCI_Visuals_Online.jpg
10,Test@gmail.com,Test 10,1xNz10Q47Eb6CnQKT9x1W4fnrCp1,https://upload.wikimedia.org/wikipedia/commons/thumb/6/6d/Good_Food_Display_-_NCI_Visuals_Online.jpg/600px-Good_Food_Display_-_NCI_Visuals_Online.jpg
11,Test@gmail.com,Test 11,1xNz10Q47Eb6CnQKT9x1W4fnrCp1,https://upload.wikimedia.org/wikipedia/commons/thumb/6/6d/Good_Food_Display_-_NCI_Visuals_Online.jpg/600px-Good_Food_Display_-_NCI_Visuals_Online.jpg
